title,url,price
ZARA ОБЪЕМНОЕ ПЛАТЬЕ МИДИ,https://zara-russia.ru/zhenshchiny_platya_zara/tproduct/873392885322-zara-obemnoe-plate-midi,7 900
ZARA СВОБОДНОЕ ПЛАТЬЕ МИДИ,https://zara-russia.ru/zhenshchiny_platya_zara/tproduct/700549077092-zara-svobodnoe-plate-midi,7 900
ZARA ОБЪЕМНОЕ ПЛАТЬЕ С БАСКОЙ,https://zara-russia.ru/zhenshchiny_platya_zara/tproduct/518578678862-zara-obemnoe-plate-s-baskoi,8 700
ZARA ПЛАТЬЕ-КОРСЕТ СО СБОРКАМИ,https://zara-russia.ru/zhenshchiny_platya_zara/tproduct/315014089112-zara-plate-korset-so-sborkami,8 700
ZARA ПЛАТЬЕ С БОКОВЫМ ПОЯСОМ,https://zara-russia.ru/zhenshchiny_platya_zara/tproduct/844490098012-zara-plate-s-bokovim-poyasom,8 700
ZARA ПЛАТЬЕ-ХАЛТЕР ОБЪЕМНОГО КРОЯ,https://zara-russia.ru/zhenshchiny_platya_zara/tproduct/853709759562-zara-plate-halter-obemnogo-kroya,8 700
ZARA КОМБИНЕЗОН В КЛЕТКУ ВИШИ,https://zara-russia.ru/zhenshchiny_platya_zara/tproduct/511787004852-zara-kombinezon-v-kletku-vishi,6 800
ZARA ДЛИННОЕ ОБЪЕМНОЕ ПЛАТЬЕ ИЗ АТЛАСА,https://zara-russia.ru/zhenshchiny_platya_zara/tproduct/642802708312-zara-dlinnoe-obemnoe-plate-iz-atlasa,20 600
ZARA ДЛИННОЕ КРУЖЕВНОЕ ПЛАТЬЕ С ВЫРЕЗОМ НА СПИНЕ,https://zara-russia.ru/zhenshchiny_platya_zara/tproduct/306531513392-zara-dlinnoe-kruzhevnoe-plate-s-virezom,15 200
ZARA ПЛАТЬЕ ХОЛТЕР ИЗ 100% ВИСКОЗЫ С ДРАПИРОВАННЫМ ВЫРЕЗОМ,https://zara-russia.ru/zhenshchiny_platya_zara/tproduct/219563290332-zara-plate-holter-iz-100-viskozi-s-drapi,20 600
ZARA КОРОТКОЕ ПЛАТЬЕ-БАЛЛОН,https://zara-russia.ru/zhenshchiny_platya_zara/tproduct/687268462762-zara-korotkoe-plate-ballon,6 800
ZARA КОРОТКОЕ ПЛАТЬЕ — ZW COLLECTION,https://zara-russia.ru/zhenshchiny_platya_zara/tproduct/261463710012-zara-korotkoe-plate-zw-collection,6 800
ZARA КОМБИНЕЗОН В КЛЕТКУ ВИШИ С ПОЯСОМ,https://zara-russia.ru/zhenshchiny_platya_zara/tproduct/386808320322-zara-kombinezon-v-kletku-vishi-s-poyasom,8 700
ZARA КОРОТКОЕ ПЛАТЬЕ С РАСКЛЕШЕННОЙ ЮБКОЙ,https://zara-russia.ru/zhenshchiny_platya_zara/tproduct/758837245872-zara-korotkoe-plate-s-raskleshennoi-yubk,6 800
ZARA ПЛАТЬЕ МИДИ С ОБЪЕМНЫМИ ВОЛАНАМИ,https://zara-russia.ru/zhenshchiny_platya_zara/tproduct/261229606542-zara-plate-midi-s-obemnimi-volanami,7 900
ZARA КОРОТКОЕ ПЛАТЬЕ СО СБОРКАМИ,https://zara-russia.ru/zhenshchiny_platya_zara/tproduct/894304298592-zara-korotkoe-plate-so-sborkami,4 100
ZARA ПЛАТЬЕ МИДИ С ПЛИССИРОВКОЙ И КОНТРАСТНЫМИ ДЕТАЛЯМИ,https://zara-russia.ru/zhenshchiny_platya_zara/tproduct/197911932692-zara-plate-midi-s-plissirovkoi-i-kontras,10 300
ZARA ПЛАТЬЕ ИЗ ВИСКОЗЫ С МНОГОФУНКЦИОНАЛЬНЫМ ВОРОТНИКОМ,https://zara-russia.ru/zhenshchiny_platya_zara/tproduct/249261607042-zara-plate-iz-viskozi-s-mnogofunktsional,21 600
ZARA ТЕКСТУРНОЕ ПЛАТЬЕ МИДИ С ПОЯСОМ,https://zara-russia.ru/zhenshchiny_platya_zara/tproduct/283903471172-zara-teksturnoe-plate-midi-s-poyasom,6 800
ZARA ВЯЗАНОЕ ПЛАТЬЕ С ОТКРЫТЫМИ ПЛЕЧАМИ,https://zara-russia.ru/zhenskie_nizhnee_belie_zara/tproduct/903516840732-zara-vyazanoe-plate-s-otkritimi-plechami,10 800
ZARA ДЛИННОЕ ПЛАТЬЕ ИЗ ПОЛУПРОЗРАЧНОЙ ТКАНИ,https://zara-russia.ru/zhenshchiny_platya_zara/tproduct/765364595012-zara-dlinnoe-plate-iz-poluprozrachnoi-tk,6 800
ZARA ПЛАТЬЕ ИЗ КРЕПА С V-ОБРАЗНЫМ ВЫРЕЗОМ,https://zara-russia.ru/zhenshchiny_platya_zara/tproduct/475689833612-zara-plate-iz-krepa-s-v-obraznim-virezom,5 400
ZARA КОРОТКОЕ ПЛАТЬЕ ИЗ ИНТЕРЛОКА,https://zara-russia.ru/zhenshchiny_platya_zara/tproduct/591852894822-zara-korotkoe-plate-iz-interloka,4 100
ZARA ПЛАТЬЕ ИЗ ПОЛУПРОЗРАЧНОЙ ТКАНИ С ВЫРЕЗАМИ И АСИММЕТРИЧНЫМ НИЗОМ,https://zara-russia.ru/zhenshchiny_platya_zara/tproduct/792910343932-zara-plate-iz-poluprozrachnoi-tkani-s-vi,6 800
ZARA ДЛИННОЕ ПЛАТЬЕ ИЗ ПОЛУПРОЗРАЧНОЙ ТКАНИ С БАРХАТИСТЫМИ ДЕТАЛЯМИ,https://zara-russia.ru/zhenshchiny_platya_zara/tproduct/582703558872-zara-dlinnoe-plate-iz-poluprozrachnoi-tk,6 800
ZARA ПЛАТЬЕ ИЗ ПОПЛИНА С ЮБКОЙ ГОДЕ,https://zara-russia.ru/zhenshchiny_platya_zara/tproduct/815965681142-zara-plate-iz-poplina-s-yubkoi-gode,7 900
ZARA КОРОТКОЕ ЖАККАРДОВОЕ ПЛАТЬЕ-БАЛЛОН,https://zara-russia.ru/zhenshchiny_platya_zara/tproduct/264653097872-zara-korotkoe-zhakkardovoe-plate-ballon,8 700
ZARA ДЛИННЫЙ ДЖИНСОВЫЙ КОМБИНЕЗОН Z1975,https://zara-russia.ru/zhenshchiny_platya_zara/tproduct/333727711232-zara-dlinnii-dzhinsovii-kombinezon-z1975,8 700
ZARA ПЛАТЬЕ-КОМБИНАЦИЯ С МНОГОФУНКЦИОНАЛЬНЫМИ БРЕТЕЛЯМИ,https://zara-russia.ru/zhenskie_nizhnee_belie_zara/tproduct/489758145522-zara-plate-kombinatsiya-s-mnogofunktsion,4 400
ZARA КРУЖЕВНОЕ ПЛАТЬЕ С ГОРЛОВИНОЙ ХАЛТЕР,https://zara-russia.ru/zhenskie_nizhnee_belie_zara/tproduct/178081357872-zara-kruzhevnoe-plate-s-gorlovinoi-halte,20 600
ZARA АСИММЕТРИЧНОЕ ПЛАТЬЕ ИЗ 100% КОЖИ С КРУЖЕВОМ,https://zara-russia.ru/zhenskie_nizhnee_belie_zara/tproduct/541956416932-zara-asimmetrichnoe-plate-iz-100-kozhi-s,32 400
ZARA АТЛАСНОЕ ПЛАТЬЕ-КОМБИНАЦИЯ С КРУЖЕВОМ,https://zara-russia.ru/zhenskie_nizhnee_belie_zara/tproduct/525705458392-zara-atlasnoe-plate-kombinatsiya-s-kruzh,15 200
ZARA КОРОТКОЕ ПЛАТЬЕ В БЕЛЬЕВОМ СТИЛЕ,https://zara-russia.ru/zhenshchiny_platya_zara/tproduct/533213452232-zara-korotkoe-plate-v-belevom-stile,8 700
ZARA КОМБИНИРОВАННОЕ ПЛАТЬЕ МИДИ В ПОЛОСКУ С РЕМНЕМ,https://zara-russia.ru/zhenshchiny_platya_zara/tproduct/262114662262-zara-kombinirovannoe-plate-midi-v-polosk,10 300
ZARA МИНИ-ПЛАТЬЕ ИЗ ПОЛИАМИДА СО СБОРКАМИ,https://zara-russia.ru/zhenskie_nizhnee_belie_zara/tproduct/560036738342-zara-mini-plate-iz-poliamida-so-sborkami,6 800
ZARA БАРХАТНОЕ ПЛАТЬЕ НА БРЕТЕЛЯХ,https://zara-russia.ru/zhenskie_nizhnee_belie_zara/tproduct/775495654052-zara-barhatnoe-plate-na-bretelyah,17 900
ZARA МИНИ-ПЛАТЬЕ С КОМБИНИРОВАННЫМ ПОПЛИНОМ,https://zara-russia.ru/zhenshchiny_platya_zara/tproduct/661781934412-zara-mini-plate-s-kombinirovannim-poplin,7 900
ZARA МИНИ-ПЛАТЬЕ ИЗ КОМБИНИРОВАННОГО ПОПЛИНА,https://zara-russia.ru/zhenshchiny_platya_zara/tproduct/795473039422-zara-mini-plate-iz-kombinirovannogo-popl,7 900
ZARA КОМБИНИРОВАННОЕ ПЛАТЬЕ С КРУЖЕВОМ,https://zara-russia.ru/zhenshchiny_platya_zara/tproduct/520276950482-zara-kombinirovannoe-plate-s-kruzhevom,6 800
ZARA ПЛАТЬЕ НА БРЕТЕЛЯХ С КРУЖЕВОМ И БАХРОМОЙ,https://zara-russia.ru/zhenskie_nizhnee_belie_zara/tproduct/580522162852-zara-plate-na-bretelyah-s-kruzhevom-i-ba,20 600
ZARA АТЛАСНОЕ ПЛАТЬЕ СО СБОРКАМИ,https://zara-russia.ru/zhenskie_nizhnee_belie_zara/tproduct/783306539082-zara-atlasnoe-plate-so-sborkami,17 900
ZARA КОРОТКОЕ ПЛАТЬЕ В ПОЛОСКУ,https://zara-russia.ru/zhenshchiny_platya_zara/tproduct/659161129622-zara-korotkoe-plate-v-polosku,6 800
ZARA КРУЖЕВНОЕ ПЛАТЬЕ МИДИ,https://zara-russia.ru/zhenskie_nizhnee_belie_zara/tproduct/882091287462-zara-kruzhevnoe-plate-midi,13 500
ZARA ШЕЛКОВОЕ ПЛАТЬЕ В БЕЛЬЕВОМ СТИЛЕ С КРУЖЕВОМ,https://zara-russia.ru/zhenskie_nizhnee_belie_zara/tproduct/793797565832-zara-shelkovoe-plate-v-belevom-stile-s-k,15 200
ZARA ПЛАТЬЕ МИДИ АСИММЕТРИЧНОГО КРОЯ,https://zara-russia.ru/zhenshchiny_platya_zara/tproduct/679044856502-zara-plate-midi-asimmetrichnogo-kroya,8 700
ZARA ТРИКОТАЖНОЕ ПЛАТЬЕ СО СПУЩЕННЫМИ ПЛЕЧАМИ,https://zara-russia.ru/zhenshchiny_platya_zara/tproduct/833314128192-zara-trikotazhnoe-plate-so-spuschennimi,7 900
ZARA АТЛАСНОЕ ПЛАТЬЕ С КРУЖЕВОМ — ZW COLLECTION,https://zara-russia.ru/zhenshchiny_platya_zara/tproduct/457744233552-zara-atlasnoe-plate-s-kruzhevom-zw-colle,10 800
ZARA ПЛАТЬЕ МИДИ С ВОЛАНАМИ,https://zara-russia.ru/zhenshchiny_platya_zara/tproduct/869058230952-zara-plate-midi-s-volanami,10 800
ZARA ТРИКОТАЖНОЕ ПЛАТЬЕ ИЗ ПОЛУПРОЗРАЧНОЙ ТКАНИ,https://zara-russia.ru/zhenskie_nizhnee_belie_zara/tproduct/451388999382-zara-trikotazhnoe-plate-iz-poluprozrachn,10 800
ZARA ТРИКОТАЖНОЕ МИНИ-ПЛАТЬЕ,https://zara-russia.ru/zhenshchiny_platya_zara/tproduct/627627274992-zara-trikotazhnoe-mini-plate,4 100
ZARA КОРОТКОЕ МЯГКОЕ ТРИКОТАЖНОЕ ПЛАТЬЕ,https://zara-russia.ru/zhenshchiny_platya_zara/tproduct/812682259692-zara-korotkoe-myagkoe-trikotazhnoe-plate,4 100
ZARA ДЛИННОЕ ПЛАТЬЕ В РУБЧИК,https://zara-russia.ru/zhenshchiny_platya_zara/tproduct/724099761132-zara-dlinnoe-plate-v-rubchik,5 400
ZARA КОРОТКОЕ ПЛАТЬЕ-БАЛЛОН,https://zara-russia.ru/zhenshchiny_platya_zara/tproduct/525940323012-zara-korotkoe-plate-ballon,8 700
ZARA ТРИКОТАЖНОЕ ПЛАТЬЕ МИДИ С V-ОБРАЗНЫМ ВЫРЕЗОМ,https://zara-russia.ru/zhenshchiny_platya_zara/tproduct/115532259422-zara-trikotazhnoe-plate-midi-s-v-obrazni,8 700
ZARA ДЛИННОЕ КРУЖЕВНОЕ ПЛАТЬЕ В БЕЛЬЕВОМ СТИЛЕ,https://zara-russia.ru/zhenskie_nizhnee_belie_zara/tproduct/405482140622-zara-dlinnoe-kruzhevnoe-plate-v-belevom,13 500
ZARA ДЛИННОЕ КРУЖЕВНОЕ ПЛАТЬЕ,https://zara-russia.ru/zhenshchiny_platya_zara/tproduct/396132015092-zara-dlinnoe-kruzhevnoe-plate,8 700
ZARA КРУЖЕВНОЕ ПЛАТЬЕ ХАЛТЕР СО СТРАЗАМИ,https://zara-russia.ru/zhenshchiny_platya_zara/tproduct/120040161632-zara-kruzhevnoe-plate-halter-so-strazami,6 800
ZARA ТРИКОТАЖНОЕ КОМБИНИРОВАННОЕ ПЛАТЬЕ С ЭФФЕКТОМ МЕХА,https://zara-russia.ru/zhenshchiny_platya_zara/tproduct/582474004782-zara-trikotazhnoe-kombinirovannoe-plate,6 800
ZARA ПЛАТЬЕ МИДИ С ПОЯСОМ,https://zara-russia.ru/zhenshchiny_platya_zara/tproduct/594433781602-zara-plate-midi-s-poyasom,8 700
ZARA КОРОТКОЕ ПЛАТЬЕ В ПОЛОСКУ В ДИПЛОМАТИЧЕСКОМ СТИЛЕ,https://zara-russia.ru/zhenshchiny_platya_zara/tproduct/131794904692-zara-korotkoe-plate-v-polosku-v-diplomat,4 900
ZARA ЭЛАСТИЧНОЕ ПЛАТЬЕ С СЕРДЕЧКАМИ,https://zara-russia.ru/zhenshchiny_platya_zara/tproduct/558455605192-zara-elastichnoe-plate-s-serdechkami,6 300
ZARA КОРОТКОЕ ПЛАТЬЕ В КЛЕТКУ С ВОЛАНАМИ И ПОЯСОМ,https://zara-russia.ru/zhenshchiny_platya_zara/tproduct/523551046242-zara-korotkoe-plate-v-kletku-s-volanami,7 900
ZARA ПЛАТЬЕ В БЕЛЬЕВОМ СТИЛЕ С КРУЖЕВОМ,https://zara-russia.ru/zhenshchiny_platya_zara/tproduct/903579792102-zara-plate-v-belevom-stile-s-kruzhevom,8 700
ZARA ПЛАТЬЕ В БЕЛЬЕВОМ СТИЛЕ С КРУЖЕВОМ,https://zara-russia.ru/zhenshchiny_platya_zara/tproduct/418984138342-zara-plate-v-belevom-stile-s-kruzhevom,8 700
ZARA КОРОТКОЕ КОМБИНИРОВАННОЕ ПЛАТЬЕ С КРУЖЕВОМ,https://zara-russia.ru/zhenshchiny_platya_zara/tproduct/244973888032-zara-korotkoe-kombinirovannoe-plate-s-kr,7 900
ZARA КОРОТКОЕ ПЛАТЬЕ В КЛЕТКУ С КРУЖЕВОМ,https://zara-russia.ru/zhenshchiny_platya_zara/tproduct/304309699742-zara-korotkoe-plate-v-kletku-s-kruzhevom,6 800
ZARA ПЛАТЬЕ В ПОЛОСКУ С РЕМНЕМ,https://zara-russia.ru/zhenshchiny_kostyumi_zara/tproduct/371402460062-zara-plate-v-polosku-s-remnem,4 900
ZARA АТЛАСНОЕ МИНИ-ПЛАТЬЕ,https://zara-russia.ru/zhenskie_nizhnee_belie_zara/tproduct/944566724502-zara-atlasnoe-mini-plate,7 900
ZARA ВЯЗАНОЕ ПЛАТЬЕ С МЕТАЛЛИЗИРОВАННОЙ НИТЬЮ И БАХРОМОЙ,https://zara-russia.ru/zhenshchiny_platya_zara/tproduct/102514843302-zara-vyazanoe-plate-s-metallizirovannoi,10 800
ZARA ДЖИНСОВОЕ ПЛАТЬЕ TRF НА МОЛНИИ,https://zara-russia.ru/zhenshchiny_platya_zara/tproduct/155821456812-zara-dzhinsovoe-plate-trf-na-molnii,7 900
ZARA ПЛАТЬЕ-ПАЛЬТО С КАРМАНАМИ,https://zara-russia.ru/zhenshchiny_platya_zara/tproduct/271208762062-zara-plate-palto-s-karmanami,6 800
ZARA КОРОТКОЕ ДЖИНСОВОЕ ПЛАТЬЕ TRF,https://zara-russia.ru/zhenshchiny_platya_zara/tproduct/109195180442-zara-korotkoe-dzhinsovoe-plate-trf,5 400
ZARA БЕСШОВНОЕ КРУЖЕВНОЕ ПЛАТЬЕ НА БРЕТЕЛЯХ,https://zara-russia.ru/zhenskie_nizhnee_belie_zara/tproduct/755108980522-zara-besshovnoe-kruzhevnoe-plate-na-bret,4 900
ZARA ПЛАТЬЕ С ОТКРЫТОЙ СПИНОЙ,https://zara-russia.ru/zhenshchiny_platya_zara/tproduct/411399031942-zara-plate-s-otkritoi-spinoi,6 800
ZARA ДЛИННОЕ КОМБИНИРОВАННОЕ ПЛАТЬЕ,https://zara-russia.ru/zhenshchiny_platya_zara/tproduct/717937658982-zara-dlinnoe-kombinirovannoe-plate,7 900
ZARA МАКСИ-ПЛАТЬЕ С ВОРОТНИКОМ-СТОЙКОЙ,https://zara-russia.ru/zhenshchiny_platya_zara/tproduct/728213112622-zara-maksi-plate-s-vorotnikom-stoikoi,4 900
ZARA ПЛАТЬЕ МИДИ С ЮБКОЙ ГОДЕ И ГОРЛОВИНОЙ ХАЛТЕР,https://zara-russia.ru/zhenshchiny_platya_zara/tproduct/318623034562-zara-plate-midi-s-yubkoi-gode-i-gorlovin,7 900
ZARA ПЛАТЬЕ МИДИ В КЛЕТКУ ВИШИ,https://zara-russia.ru/zhenshchiny_platya_zara/tproduct/671425227702-zara-plate-midi-v-kletku-vishi,7 900
ZARA АСИММЕТРИЧНОЕ МИНИ-ПЛАТЬЕ С РЕМНЕМ,https://zara-russia.ru/zhenshchiny_platya_zara/tproduct/285456927642-zara-asimmetrichnoe-mini-plate-s-remnem,7 900
ZARA ПЛАТЬЕ МИДИ С ПОЯСОМ,https://zara-russia.ru/zhenshchiny_platya_zara/tproduct/632607945432-zara-plate-midi-s-poyasom,8 700
ZARA ПЛАТЬЕ С ВОЛАНАМИ И КРУЖЕВОМ — ZW COLLECTION,https://zara-russia.ru/zhenshchiny_platya_zara/tproduct/802137784662-zara-plate-s-volanami-i-kruzhevom-zw-col,21 600
ZARA КОМБИНИРОВАННОЕ ПЛАТЬЕ МИДИ,https://zara-russia.ru/zhenshchiny_platya_zara/tproduct/537126040662-zara-kombinirovannoe-plate-midi,8 700
ZARA ПЛАТЬЕ ИЗ МЯГКОЙ ТКАНИ С РЕМНЕМ,https://zara-russia.ru/zhenshchiny_platya_zara/tproduct/894801078642-zara-plate-iz-myagkoi-tkani-s-remnem,6 300
ZARA ПЛАТЬЕ-РУБАШКА В КЛЕТКУ,https://zara-russia.ru/zhenshchiny_platya_zara/tproduct/539295298882-zara-plate-rubashka-v-kletku,8 700
ZARA КОРОТКОЕ ПЛАТЬЕ-РУБАШКА — ZW COLLECTION,https://zara-russia.ru/zhenshchiny_platya_zara/tproduct/608625522332-zara-korotkoe-plate-rubashka-zw-collecti,10 800
ZARA КРУЖЕВНОЕ ПЛАТЬЕ — ZW COLLECTION,https://zara-russia.ru/zhenshchiny_platya_zara/tproduct/972518278042-zara-kruzhevnoe-plate-zw-collection,13 500
ZARA КОРОТКОЕ АСИММЕТРИЧНОЕ ПЛАТЬЕ — ZW COLLECTION,https://zara-russia.ru/zhenshchiny_platya_zara/tproduct/217954167432-zara-korotkoe-asimmetrichnoe-plate-zw-co,8 700
ZARA ЭЛАСТИЧНОЕ КОРОТКОЕ ПЛАТЬЕ,https://zara-russia.ru/zhenshchiny_platya_zara/tproduct/571582573132-zara-elastichnoe-korotkoe-plate,6 800
ZARA МИНИ-ПЛАТЬЕ ИЗ ПОЛИАМИДА С ЭФФЕКТОМ BODY SHAPE,https://zara-russia.ru/zhenskie_nizhnee_belie_zara/tproduct/131165750952-zara-mini-plate-iz-poliamida-s-effektom,7 900
ZARA КОМБИНИРОВАННОЕ ПЛАТЬЕ МИДИ,https://zara-russia.ru/zhenshchiny_platya_zara/tproduct/436806058892-zara-kombinirovannoe-plate-midi,8 700
ZARA КОМБИНИРОВАННОЕ ПЛАТЬЕ В ПОЛОСКУ,https://zara-russia.ru/zhenshchiny_platya_zara/tproduct/453715728762-zara-kombinirovannoe-plate-v-polosku,6 800
ZARA ПЛАТЬЕ ИЗ БУКЛЕ С КОНТРАСТНОЙ ОТДЕЛКОЙ,https://zara-russia.ru/zhenshchiny_platya_zara/tproduct/957012391772-zara-plate-iz-bukle-s-kontrastnoi-otdelk,5 400
ZARA ПЛАТЬЕ ИЗ РЕЛЬЕФНОЙ ТКАНИ В СКЕЙТЕРСКОМ СТИЛЕ,https://zara-russia.ru/zhenshchiny_platya_zara/tproduct/340882738062-zara-plate-iz-relefnoi-tkani-v-skeitersk,6 300
ZARA КОРОТКОЕ КОМБИНИРОВАННОЕ ПЛАТЬЕ С ВОЛАНАМИ,https://zara-russia.ru/zhenshchiny_platya_zara/tproduct/821537719782-zara-korotkoe-kombinirovannoe-plate-s-vo,7 900
ZARA ПЛАТЬЕ-КОМБИНЕЗОН ИЗ ИСКУССТВЕННОЙ КОЖИ ОБЪЕМНОГО КРОЯ,https://zara-russia.ru/zhenshchiny_platya_zara/tproduct/175956163372-zara-plate-kombinezon-iz-iskusstvennoi-k,7 900
ZARA КОРОТКОЕ ПЛАТЬЕ АСИММЕТРИЧНОГО КРОЯ,https://zara-russia.ru/zhenshchiny_platya_zara/tproduct/708475713802-zara-korotkoe-plate-asimmetrichnogo-kroy,4 900
ZARA ДЛИННОЕ ПЛАТЬЕ АСИММЕТРИЧНОГО КРОЯ,https://zara-russia.ru/zhenshchiny_platya_zara/tproduct/273808186682-zara-dlinnoe-plate-asimmetrichnogo-kroya,6 800
ZARA ПЛАТЬЕ БЕЗ БРЕТЕЛЕК,https://zara-russia.ru/zhenshchiny_platya_zara/tproduct/347883851022-zara-plate-bez-bretelek,6 800
ZARA ДЛИННОЕ ПЛАТЬЕ СО СБОРКАМИ,https://zara-russia.ru/zhenshchiny_platya_zara/tproduct/108290694432-zara-dlinnoe-plate-so-sborkami,4 900
ZARA КОРОТКОЕ КРУЖЕВНОЕ ПЛАТЬЕ С БАХРОМОЙ,https://zara-russia.ru/zhenshchiny_platya_zara/tproduct/774799066172-zara-korotkoe-kruzhevnoe-plate-s-bahromo,17 900
ZARA КОМБИНИРОВАННОЕ МИНИ-ПЛАТЬЕ С КРУЖЕВОМ,https://zara-russia.ru/zhenskie_nizhnee_belie_zara/tproduct/375777799962-zara-kombinirovannoe-mini-plate-s-kruzhe,8 700
ZARA АТЛАСНОЕ МИНИ-ПЛАТЬЕ С КОНТРАСТНЫМ КРУЖЕВОМ,https://zara-russia.ru/zhenshchiny_platya_zara/tproduct/433522962832-zara-atlasnoe-mini-plate-s-kontrastnim-k,7 900
ZARA КОРОТКОЕ ПЛАТЬЕ В КЛЕТКУ С ВОЛАНАМИ,https://zara-russia.ru/zhenshchiny_platya_zara/tproduct/757277545312-zara-korotkoe-plate-v-kletku-s-volanami,6 800
ZARA КОРОТКОЕ ПЛАТЬЕ В КЛЕТКУ С ВОЛАНАМИ,https://zara-russia.ru/zhenshchiny_platya_zara/tproduct/386830217172-zara-korotkoe-plate-v-kletku-s-volanami,6 800
ZARA ВЯЗАНОЕ ПЛАТЬЕ МИДИ С ПОЯСОМ,https://zara-russia.ru/zhenshchiny_platya_zara/tproduct/454646527132-zara-vyazanoe-plate-midi-s-poyasom,8 700
ZARA КОРОТКОЕ ПЛАТЬЕ АСИММЕТРИЧНОГО КРОЯ,https://zara-russia.ru/zhenshchiny_platya_zara/tproduct/329564857592-zara-korotkoe-plate-asimmetrichnogo-kroy,5 400
ZARA АТЛАСНОЕ ПЛАТЬЕ СО СБОРКАМИ,https://zara-russia.ru/zhenshchiny_platya_zara/tproduct/522647437112-zara-atlasnoe-plate-so-sborkami,13 500
ZARA АСИММЕТРИЧНОЕ АТЛАСНОЕ ПЛАТЬЕ ИЗ КОЛЛЕКЦИИ ZW,https://zara-russia.ru/zhenshchiny_platya_zara/tproduct/873609996982-zara-asimmetrichnoe-atlasnoe-plate-iz-ko,8 700
ZARA ПЛАТЬЕ ИЗ ПОПЛИНА СО СКЛАДКАМИ — ZW COLLECTION,https://zara-russia.ru/zhenshchiny_platya_zara/tproduct/568973866872-zara-plate-iz-poplina-so-skladkami-zw-co,10 800
ZARA ПЛАТЬЕ МИДИ ИЗ ГАЗА С ЮБКОЙ ГОДЕ,https://zara-russia.ru/zhenshchiny_platya_zara/tproduct/308891288812-zara-plate-midi-iz-gaza-s-yubkoi-gode,8 700
ZARA КОРОТКОЕ КОМБИНИРОВАННОЕ ПЛАТЬЕ С КРУЖЕВОМ,https://zara-russia.ru/zhenshchiny_platya_zara/tproduct/453643303392-zara-korotkoe-kombinirovannoe-plate-s-kr,7 900
ZARA КОРОТКОЕ ПЛАТЬЕ С ОБЪЕМНЫМИ РУКАВАМИ,https://zara-russia.ru/zhenshchiny_platya_zara/tproduct/479187972472-zara-korotkoe-plate-s-obemnimi-rukavami,8 700
ZARA ПЛАТЬЕ ИЗ КОМБИНИРОВАННОГО ИНТЕРЛОКА,https://zara-russia.ru/zhenshchiny_platya_zara/tproduct/669823269462-zara-plate-iz-kombinirovannogo-interloka,6 800
ZARA КОРОТКОЕ ПЛАТЬЕ ИЗ ИНТЕРЛОКА,https://zara-russia.ru/zhenshchiny_platya_zara/tproduct/106551719152-zara-korotkoe-plate-iz-interloka,5 400
ZARA АТЛАСНОЕ ПЛАТЬЕ МИДИ С КРУЖЕВОМ,https://zara-russia.ru/zhenskie_nizhnee_belie_zara/tproduct/567266761602-zara-atlasnoe-plate-midi-s-kruzhevom,13 500
ZARA МЯГКОЕ ПЛАТЬЕ С УЗЛОМ,https://zara-russia.ru/zhenshchiny_platya_zara/tproduct/804136044322-zara-myagkoe-plate-s-uzlom,5 400
ZARA ПЛАТЬЕ МИДИ В ЁЛОЧКУ,https://zara-russia.ru/zhenshchiny_platya_zara/tproduct/779008363512-zara-plate-midi-v-yolochku,6 800
ZARA ПЛАТЬЕ МИДИ НА БРЕТЕЛЯХ,https://zara-russia.ru/zhenshchiny_platya_zara/tproduct/184055729452-zara-plate-midi-na-bretelyah,6 800
ZARA КОРОТКОЕ ПЛАТЬЕ ИЗ 100% ЗАМШИ,https://zara-russia.ru/zhenshchiny_platya_zara/tproduct/396997012552-zara-korotkoe-plate-iz-100-zamshi,21 600
ZARA КОРОТКОЕ ПЛАТЬЕ НА ЗАПАХ,https://zara-russia.ru/zhenshchiny_platya_zara/tproduct/800651531172-zara-korotkoe-plate-na-zapah,8 700
ZARA ПЛАТЬЕ С ВЫРЕЗАМИ И КРУЖЕВОМ,https://zara-russia.ru/zhenshchiny_platya_zara/tproduct/421495082812-zara-plate-s-virezami-i-kruzhevom,6 800
ZARA КОРОТКОЕ ПЛАТЬЕ С ВОРОТНИКОМ-СТОЙКОЙ,https://zara-russia.ru/zhenshchiny_platya_zara/tproduct/453127491342-zara-korotkoe-plate-s-vorotnikom-stoikoi,4 400
"ZARA ПЛАТЬЕ С БРЕТЕЛЯМИ, ВОЛАНАМИ И КРУЖЕВОМ",https://zara-russia.ru/zhenshchiny_platya_zara/tproduct/519815702652-zara-plate-s-bretelyami-volanami-i-kruzh,17 900
ZARA КОРОТКОЕ ПЛАТЬЕ ИЗ АТЛАСА С ВОЛАНАМИ,https://zara-russia.ru/zhenshchiny_platya_zara/tproduct/167307282672-zara-korotkoe-plate-iz-atlasa-s-volanami,7 900
ZARA КОРОТКОЕ ДЖИНСОВОЕ ПЛАТЬЕ Z1975,https://zara-russia.ru/zhenshchiny_platya_zara/tproduct/752299322952-zara-korotkoe-dzhinsovoe-plate-z1975,6 800
ZARA СТРУЯЩЕЕСЯ ПЛАТЬЕ С ВЫРЕЗАМИ,https://zara-russia.ru/zhenshchiny_platya_zara/tproduct/914316872022-zara-struyascheesya-plate-s-virezami,7 900
ZARA ПЛАТЬЕ ДРАПИРОВАННОЕ С ПОДПЛЕЧНИКАМИ,https://zara-russia.ru/zhenshchiny_platya_zara/tproduct/742929621572-zara-plate-drapirovannoe-s-podplechnikam,5 400
ZARA ПЛАТЬЕ МИДИ ИЗ ГАБАРДИНА,https://zara-russia.ru/zhenshchiny_platya_zara/tproduct/742166848542-zara-plate-midi-iz-gabardina,7 900
ZARA КОРОТКОЕ ПЛАТЬЕ В ГОРОШЕК С ЗАВЯЗКАМИ,https://zara-russia.ru/zhenshchiny_platya_zara/tproduct/712416430232-zara-korotkoe-plate-v-goroshek-s-zavyazk,6 800
ZARA ПЛАТЬЕ МИДИ В КЛЕТКУ ВИШИ,https://zara-russia.ru/zhenshchiny_platya_zara/tproduct/526929914452-zara-plate-midi-v-kletku-vishi,7 900
ZARA ПЛАТЬЕ МИДИ ИЗ НЕЙЛОНА С ЗАВЯЗКАМИ,https://zara-russia.ru/zhenshchiny_platya_zara/tproduct/530702463982-zara-plate-midi-iz-neilona-s-zavyazkami,7 900
ZARA КОРОТКОЕ ПЛАТЬЕ ГОДЕ С КРУЖЕВОМ,https://zara-russia.ru/zhenshchiny_platya_zara/tproduct/161860909072-zara-korotkoe-plate-gode-s-kruzhevom,7 900
ZARA КОРОТКОЕ ПЛАТЬЕ ИЗ ПОПЛИНА С ГОРЛОВИНОЙ ХАЛТЕР И ЮБКОЙ-БАЛЛОН,https://zara-russia.ru/zhenshchiny_platya_zara/tproduct/914925743432-zara-korotkoe-plate-iz-poplina-s-gorlovi,6 800
ZARA ТРИКОТАЖНОЕ ПЛАТЬЕ С ПОЯСОМ,https://zara-russia.ru/zhenshchiny_platya_zara/tproduct/451711709012-zara-trikotazhnoe-plate-s-poyasom,7 900
ZARA ПЛАТЬЕ АСИММЕТРИЧНОГО КРОЯ В ГОРОШЕК,https://zara-russia.ru/zhenshchiny_platya_zara/tproduct/798142539032-zara-plate-asimmetrichnogo-kroya-v-goros,10 800
ZARA КОРОТКОЕ ПЛАТЬЕ-РУБАШКА,https://zara-russia.ru/zhenshchiny_platya_zara/tproduct/170825673512-zara-korotkoe-plate-rubashka,6 800
ZARA ПРИТАЛЕННОЕ ПЛАТЬЕ МИДИ,https://zara-russia.ru/zhenshchiny_platya_zara/tproduct/742212448502-zara-pritalennoe-plate-midi,8 700
ZARA КОРОТКОЕ ПЛАТЬЕ ИЗ СМЕСОВОГО ПОЛИАМИДА,https://zara-russia.ru/zhenshchiny_platya_zara/tproduct/804601902112-zara-korotkoe-plate-iz-smesovogo-poliami,6 800
ZARA ПЛАТЬЕ МИДИ ПЛИССИРОВАННОЕ С ПОЯСОМ,https://zara-russia.ru/zhenshchiny_platya_zara/tproduct/869057779442-zara-plate-midi-plissirovannoe-s-poyasom,10 300
ZARA КОМБИНИРОВАННОЕ МИНИ-ПЛАТЬЕ С КРУЖЕВОМ,https://zara-russia.ru/zhenshchiny_platya_zara/tproduct/779923740382-zara-kombinirovannoe-mini-plate-s-kruzhe,7 900
ZARA КОРОТКОЕ ПЛАТЬЕ В КЛЕТКУ,https://zara-russia.ru/zhenshchiny_platya_zara/tproduct/631495413902-zara-korotkoe-plate-v-kletku,7 900
ZARA КОМБИНИРОВАННОЕ ПЛАТЬЕ МИДИ С ЗАВЯЗКАМИ,https://zara-russia.ru/zhenshchiny_platya_zara/tproduct/628476804042-zara-kombinirovannoe-plate-midi-s-zavyaz,7 900
ZARA КОРОТКОЕ КОМБИНИРОВАННОЕ ПЛАТЬЕ С РУКАВАМИ «ЛЕТУЧАЯ МЫШЬ»,https://zara-russia.ru/zhenshchiny_platya_zara/tproduct/488172738322-zara-korotkoe-kombinirovannoe-plate-s-ru,7 900
ZARA БАРХАТНОЕ ПЛАТЬЕ МИДИ СО СБОРКАМИ,https://zara-russia.ru/zhenshchiny_platya_zara/tproduct/899645551252-zara-barhatnoe-plate-midi-so-sborkami,6 800
ZARA КОРОТКОЕ ПЛАТЬЕ СО СКЛАДКАМИ И КАРМАНАМИ,https://zara-russia.ru/zhenshchiny_platya_zara/tproduct/374542989792-zara-korotkoe-plate-so-skladkami-i-karma,7 900
ZARA ПЛАТЬЕ-БЛЕЙЗЕР В ТОНКУЮ ПОЛОСКУ — ZW COLLECTION,https://zara-russia.ru/zhenshchiny_blejzery_zara/tproduct/419561652462-zara-plate-bleizer-v-tonkuyu-polosku-zw,21 600
ZARA КОРОТКИЙ БАРХАТНЫЙ КОМБИНЕЗОН-БЛЕЙЗЕР,https://zara-russia.ru/zhenshchiny_platya_zara/tproduct/222823730822-zara-korotkii-barhatnii-kombinezon-bleiz,10 800
ZARA КОРОТКОЕ АТЛАСНОЕ ПЛАТЬЕ С ШАРФОМ,https://zara-russia.ru/zhenshchiny_platya_zara/tproduct/933706459942-zara-korotkoe-atlasnoe-plate-s-sharfom,6 800
ZARA КОРОТКОЕ ПЛАТЬЕ СО СБОРКАМИ И КРУЖЕВОМ,https://zara-russia.ru/zhenshchiny_platya_zara/tproduct/736658837092-zara-korotkoe-plate-so-sborkami-i-kruzhe,5 400
ZARA ПЛАТЬЕ-РУБАШКА МИДИ В ПОЛОСКУ,https://zara-russia.ru/zhenshchiny_platya_zara/tproduct/257671703412-zara-plate-rubashka-midi-v-polosku,7 900
ZARA ПЛАТЬЕ МИДИ ИЗ САРЖИ С ХЛЯСТИКАМИ,https://zara-russia.ru/zhenshchiny_platya_zara/tproduct/495507830622-zara-plate-midi-iz-sarzhi-s-hlyastikami,8 700
ZARA ПЛАТЬЕ МИДИ С ПОЯСОМ,https://zara-russia.ru/zhenshchiny_platya_zara/tproduct/187067591472-zara-plate-midi-s-poyasom,8 700
ZARA ПЛАТЬЕ МИДИ С ПОЯСОМ,https://zara-russia.ru/zhenshchiny_platya_zara/tproduct/718179767482-zara-plate-midi-s-poyasom,8 700
ZARA ПЛАТЬЕ МИДИ АСИММЕТРИЧНОГО КРОЯ,https://zara-russia.ru/zhenshchiny_platya_zara/tproduct/861161988652-zara-plate-midi-asimmetrichnogo-kroya,5 400
ZARA КОРОТКОЕ КРУЖЕВНОЕ ПЛАТЬЕ,https://zara-russia.ru/zhenshchiny_platya_zara/tproduct/959564886232-zara-korotkoe-kruzhevnoe-plate,6 800
ZARA КОРОТКОЕ ПЛАТЬЕ ИЗ ИНТЕРЛОКА,https://zara-russia.ru/zhenshchiny_platya_zara/tproduct/727750781802-zara-korotkoe-plate-iz-interloka,4 900
ZARA ПЛАТЬЕ МИДИ С ПЛИССИРОВКОЙ,https://zara-russia.ru/zhenshchiny_platya_zara/tproduct/460625545762-zara-plate-midi-s-plissirovkoi,8 700
ZARA ПЛАТЬЕ МИДИ С ОБЪЕМНЫМИ РУКАВАМИ,https://zara-russia.ru/zhenshchiny_platya_zara/tproduct/632229602852-zara-plate-midi-s-obemnimi-rukavami,10 300
ZARA ДЛИННОЕ ХЛОПКОВОЕ ПЛАТЬЕ,https://zara-russia.ru/zhenshchiny_platya_zara/tproduct/626398629292-zara-dlinnoe-hlopkovoe-plate,5 400
ZARA МИНИ-ПЛАТЬЕ С БАНТОМ,https://zara-russia.ru/zhenshchiny_platya_zara/tproduct/846884461102-zara-mini-plate-s-bantom,6 800
ZARA МИНИ-ПЛАТЬЕ ИЗ ПОПЛИНА,https://zara-russia.ru/zhenshchiny_platya_zara/tproduct/142350140612-zara-mini-plate-iz-poplina,6 800
ZARA ПЛАТЬЕ МИДИ В ГОРОШЕК,https://zara-russia.ru/zhenshchiny_platya_zara/tproduct/906473589822-zara-plate-midi-v-goroshek,7 900
ZARA ДВУБОРТНЫЙ БЛЕЙЗЕР ОВЕРСАЙЗ,https://zara-russia.ru/zhenshchiny_blejzery_zara/tproduct/837450364152-zara-dvubortnii-bleizer-oversaiz,8 700
ZARA ПЛАТЬЕ МИДИ В ПОЛОСКУ С РЕМНЕМ,https://zara-russia.ru/zhenshchiny_platya_zara/tproduct/425439410252-zara-plate-midi-v-polosku-s-remnem,10 300
ZARA КОРОТКОЕ МЯГКОЕ ПЛАТЬЕ С ПУГОВИЦАМИ,https://zara-russia.ru/zhenshchiny_platya_zara/tproduct/588782010862-zara-korotkoe-myagkoe-plate-s-pugovitsam,5 400
ZARA БРЮКИ FLARE В ПОЛОСКУ,https://zara-russia.ru/zhenshchiny_bryuki_zara/tproduct/151255393742-zara-bryuki-flare-v-polosku,5 400
ZARA КОРОТКИЙ КОМБИНЕЗОН В ГОРОШЕК,https://zara-russia.ru/zhenshchiny_platya_zara/tproduct/607387017722-zara-korotkii-kombinezon-v-goroshek,6 800
ZARA КОРОТКОЕ ПЛАТЬЕ ИЗ ПОЛИАМИДА НА МОЛНИИ,https://zara-russia.ru/zhenskie_nizhnee_belie_zara/tproduct/408588184372-zara-korotkoe-plate-iz-poliamida-na-moln,6 800
ZARA ПЛАТЬЕ-РУБАШКА В КЛЕТКУ ВИШИ — ZW COLLECTION,https://zara-russia.ru/zhenshchiny_platya_zara/tproduct/588830254932-zara-plate-rubashka-v-kletku-vishi-zw-co,10 800
ZARA ПЛАТЬЕ ИЗ ИСКУССТВЕННОЙ ЗАМШИ,https://zara-russia.ru/zhenshchiny_platya_zara/tproduct/523433655112-zara-plate-iz-iskusstvennoi-zamshi,8 700
ZARA МИНИ-ПЛАТЬЕ ИЗ ИСКУССТВЕННОЙ ЗАМШИ С РЕМНЕМ,https://zara-russia.ru/zhenshchiny_platya_zara/tproduct/134215189012-zara-mini-plate-iz-iskusstvennoi-zamshi,7 900
ZARA КОРОТКОЕ ПЛАТЬЕ ИЗ ИСКУССТВЕННОЙ ЗАМШИ,https://zara-russia.ru/zhenshchiny_platya_zara/tproduct/385048609292-zara-korotkoe-plate-iz-iskusstvennoi-zam,8 700
ZARA ТРИКОТАЖНОЕ ПЛАТЬЕ С РУКАВАМИ «ЛЕТУЧАЯ МЫШЬ»,https://zara-russia.ru/zhenshchiny_platya_zara/tproduct/241930405202-zara-trikotazhnoe-plate-s-rukavami-letuc,7 900
ZARA КОРОТКОЕ ПЛАТЬЕ В РУБЧИК С ОБЪЕМНЫМИ РУКАВАМИ,https://zara-russia.ru/zhenshchiny_platya_zara/tproduct/367469117832-zara-korotkoe-plate-v-rubchik-s-obemnimi,6 800
ZARA КОРОТКОЕ ПЛАТЬЕ ИЗ ЭЛАСТИЧНОЙ ТКАНИ С КРУЖЕВОМ,https://zara-russia.ru/zhenshchiny_platya_zara/tproduct/274085755582-zara-korotkoe-plate-iz-elastichnoi-tkani,5 400
ZARA ПЛАТЬЕ ИЗ 100% ВИСКОЗЫ АСИММЕТРИЧНОГО КРОЯ С ПРИНТОМ,https://zara-russia.ru/zhenskie_nizhnee_belie_zara/tproduct/981488157432-zara-plate-iz-100-viskozi-asimmetrichnog,10 800
ZARA ПЛАТЬЕ СО СКЛАДКАМИ И КРУЖЕВОМ,https://zara-russia.ru/zhenskie_nizhnee_belie_zara/tproduct/470156514062-zara-plate-so-skladkami-i-kruzhevom,20 600
ZARA ПЛАТЬЕ МИДИ ИЗ ПИКЕ С ПОЯСОМ,https://zara-russia.ru/zhenshchiny_platya_zara/tproduct/897121973242-zara-plate-midi-iz-pike-s-poyasom,6 800
ZARA ДЛИННОЕ ПЛАТЬЕ В ПОЛОСКУ С ПЛИССИРОВКОЙ И ТЕКСТУРОЙ,https://zara-russia.ru/zhenshchiny_platya_zara/tproduct/975657191882-zara-dlinnoe-plate-v-polosku-s-plissirov,6 800
ZARA ПЛАТЬЕ С КОМБИНИРОВАННОЙ СЪЕМНОЙ НАКИДКОЙ — ZW COLLECTION,https://zara-russia.ru/zhenshchiny_platya_zara/tproduct/116324402012-zara-plate-s-kombinirovannoi-semnoi-naki,13 500
ZARA КОРОТКОЕ КОМБИНИРОВАННОЕ ПЛАТЬЕ С КРУЖЕВОМ,https://zara-russia.ru/zhenshchiny_platya_zara/tproduct/848432685232-zara-korotkoe-kombinirovannoe-plate-s-kr,7 900
ZARA КОРОТКОЕ ПЛАТЬЕ СО СКЛАДКАМИ И КАРМАНАМИ,https://zara-russia.ru/zhenshchiny_platya_zara/tproduct/444277272802-zara-korotkoe-plate-so-skladkami-i-karma,7 900
ZARA КОРОТКОЕ АТЛАСНОЕ ПЛАТЬЕ С АСИММЕТРИЧНЫМ НИЗОМ,https://zara-russia.ru/zhenshchiny_platya_zara/tproduct/269456993082-zara-korotkoe-atlasnoe-plate-s-asimmetri,6 800
ZARA АТЛАСНОЕ ПЛАТЬЕ МИДИ СО СБОРКАМИ,https://zara-russia.ru/zhenshchiny_platya_zara/tproduct/187046339552-zara-atlasnoe-plate-midi-so-sborkami,6 800
ZARA КОРОТКОЕ ПЛАТЬЕ СО СКЛАДКАМИ И КАРМАНАМИ,https://zara-russia.ru/zhenshchiny_platya_zara/tproduct/450731513052-zara-korotkoe-plate-so-skladkami-i-karma,6 800
ZARA КОРОТКОЕ ПЛАТЬЕ-БАЛЛОН,https://zara-russia.ru/zhenshchiny_platya_zara/tproduct/406254801552-zara-korotkoe-plate-ballon,7 900
ZARA ПЛАТЬЕ МИДИ С ПОЯСОМ,https://zara-russia.ru/zhenshchiny_platya_zara/tproduct/197799239002-zara-plate-midi-s-poyasom,8 700
ZARA ПЛАТЬЕ МИДИ С ЦВЕТОЧНЫМ ПРИНТОМ И РЕМНЕМ,https://zara-russia.ru/zhenshchiny_platya_zara/tproduct/694288398152-zara-plate-midi-s-tsvetochnim-printom-i,8 700
ZARA ДЖИНСОВОЕ МИНИ-ПЛАТЬЕ Z1975 С ПЫШНЫМИ РУКАВАМИ,https://zara-russia.ru/zhenshchiny_platya_zara/tproduct/810398099872-zara-dzhinsovoe-mini-plate-z1975-s-pishn,6 800
